Case_ID,Modulation,Sampling_Rate_Hz,Symbol_Rate_bps,SPS,CFO_Hz,SNR_dB,FEC,Interleaver,IQ_File,WAV_File
cfo_-2000hz_qpsk,QPSK,96000.0,1200.0,80,-2000.0,20.0,none,none,cfo_-2000hz_qpsk.iq,cfo_-2000hz_qpsk.wav
cfo_0hz_qpsk,QPSK,96000.0,1200.0,80,0.0,20.0,none,none,cfo_0hz_qpsk.iq,cfo_0hz_qpsk.wav
cfo_1500hz_qpsk,QPSK,96000.0,1200.0,80,1500.0,20.0,none,none,cfo_1500hz_qpsk.iq,cfo_1500hz_qpsk.wav
cfo_500hz_qpsk,QPSK,96000.0,1200.0,80,500.0,20.0,none,none,cfo_500hz_qpsk.iq,cfo_500hz_qpsk.wav
cfo_800hz_qpsk,QPSK,96000.0,1200.0,80,800.0,20.0,none,none,cfo_800hz_qpsk.iq,cfo_800hz_qpsk.wav
fec_conv_block4x4,QPSK,96000.0,1200.0,80,0.0,18.0,conv,none,fec_conv_block4x4.iq,fec_conv_block4x4.wav
fec_conv_block8x2,QPSK,96000.0,1200.0,80,0.0,18.0,conv,none,fec_conv_block8x2.iq,fec_conv_block8x2.wav
fec_conv_none,QPSK,96000.0,1200.0,80,0.0,18.0,conv,none,fec_conv_none.iq,fec_conv_none.wav
fmt_stereo_wav_qpsk,QPSK,96000.0,1200.0,80,0.0,20.0,none,none,fmt_stereo_wav_qpsk.iq,fmt_stereo_wav_qpsk.wav
mod_16qam_snr10,16QAM,96000.0,1200.0,80,0.0,10.0,none,none,mod_16qam_snr10.iq,mod_16qam_snr10.wav
mod_16qam_snr15,16QAM,96000.0,1200.0,80,0.0,15.0,none,none,mod_16qam_snr15.iq,mod_16qam_snr15.wav
mod_16qam_snr20,16QAM,96000.0,1200.0,80,0.0,20.0,none,none,mod_16qam_snr20.iq,mod_16qam_snr20.wav
mod_16qam_snr25,16QAM,96000.0,1200.0,80,0.0,25.0,none,none,mod_16qam_snr25.iq,mod_16qam_snr25.wav
mod_16qam_snr5,16QAM,96000.0,1200.0,80,0.0,5.0,none,none,mod_16qam_snr5.iq,mod_16qam_snr5.wav
mod_2fsk_snr10,2FSK,96000.0,1200.0,80,0.0,10.0,none,none,mod_2fsk_snr10.iq,mod_2fsk_snr10.wav
mod_2fsk_snr15,2FSK,96000.0,1200.0,80,0.0,15.0,none,none,mod_2fsk_snr15.iq,mod_2fsk_snr15.wav
mod_2fsk_snr20,2FSK,96000.0,1200.0,80,0.0,20.0,none,none,mod_2fsk_snr20.iq,mod_2fsk_snr20.wav
mod_2fsk_snr25,2FSK,96000.0,1200.0,80,0.0,25.0,none,none,mod_2fsk_snr25.iq,mod_2fsk_snr25.wav
mod_2fsk_snr5,2FSK,96000.0,1200.0,80,0.0,5.0,none,none,mod_2fsk_snr5.iq,mod_2fsk_snr5.wav
mod_4fsk_snr10,4FSK,96000.0,1200.0,80,0.0,10.0,none,none,mod_4fsk_snr10.iq,mod_4fsk_snr10.wav
mod_4fsk_snr15,4FSK,96000.0,1200.0,80,0.0,15.0,none,none,mod_4fsk_snr15.iq,mod_4fsk_snr15.wav
mod_4fsk_snr20,4FSK,96000.0,1200.0,80,0.0,20.0,none,none,mod_4fsk_snr20.iq,mod_4fsk_snr20.wav
mod_4fsk_snr25,4FSK,96000.0,1200.0,80,0.0,25.0,none,none,mod_4fsk_snr25.iq,mod_4fsk_snr25.wav
mod_4fsk_snr5,4FSK,96000.0,1200.0,80,0.0,5.0,none,none,mod_4fsk_snr5.iq,mod_4fsk_snr5.wav
mod_64qam_snr10,64QAM,96000.0,1200.0,80,0.0,10.0,none,none,mod_64qam_snr10.iq,mod_64qam_snr10.wav
mod_64qam_snr15,64QAM,96000.0,1200.0,80,0.0,15.0,none,none,mod_64qam_snr15.iq,mod_64qam_snr15.wav
mod_64qam_snr20,64QAM,96000.0,1200.0,80,0.0,20.0,none,none,mod_64qam_snr20.iq,mod_64qam_snr20.wav
mod_64qam_snr25,64QAM,96000.0,1200.0,80,0.0,25.0,none,none,mod_64qam_snr25.iq,mod_64qam_snr25.wav
mod_64qam_snr5,64QAM,96000.0,1200.0,80,0.0,5.0,none,none,mod_64qam_snr5.iq,mod_64qam_snr5.wav
mod_8psk_snr10,8PSK,96000.0,1200.0,80,0.0,10.0,none,none,mod_8psk_snr10.iq,mod_8psk_snr10.wav
mod_8psk_snr15,8PSK,96000.0,1200.0,80,0.0,15.0,none,none,mod_8psk_snr15.iq,mod_8psk_snr15.wav
mod_8psk_snr20,8PSK,96000.0,1200.0,80,0.0,20.0,none,none,mod_8psk_snr20.iq,mod_8psk_snr20.wav
mod_8psk_snr25,8PSK,96000.0,1200.0,80,0.0,25.0,none,none,mod_8psk_snr25.iq,mod_8psk_snr25.wav
mod_8psk_snr5,8PSK,96000.0,1200.0,80,0.0,5.0,none,none,mod_8psk_snr5.iq,mod_8psk_snr5.wav
mod_bpsk_snr10,BPSK,96000.0,1200.0,80,0.0,10.0,none,none,mod_bpsk_snr10.iq,mod_bpsk_snr10.wav
mod_bpsk_snr15,BPSK,96000.0,1200.0,80,0.0,15.0,none,none,mod_bpsk_snr15.iq,mod_bpsk_snr15.wav
mod_bpsk_snr20,BPSK,96000.0,1200.0,80,0.0,20.0,none,none,mod_bpsk_snr20.iq,mod_bpsk_snr20.wav
mod_bpsk_snr25,BPSK,96000.0,1200.0,80,0.0,25.0,none,none,mod_bpsk_snr25.iq,mod_bpsk_snr25.wav
mod_bpsk_snr5,BPSK,96000.0,1200.0,80,0.0,5.0,none,none,mod_bpsk_snr5.iq,mod_bpsk_snr5.wav
mod_qpsk_snr10,QPSK,96000.0,1200.0,80,0.0,10.0,none,none,mod_qpsk_snr10.iq,mod_qpsk_snr10.wav
mod_qpsk_snr15,QPSK,96000.0,1200.0,80,0.0,15.0,none,none,mod_qpsk_snr15.iq,mod_qpsk_snr15.wav
mod_qpsk_snr20,QPSK,96000.0,1200.0,80,0.0,20.0,none,none,mod_qpsk_snr20.iq,mod_qpsk_snr20.wav
mod_qpsk_snr25,QPSK,96000.0,1200.0,80,0.0,25.0,none,none,mod_qpsk_snr25.iq,mod_qpsk_snr25.wav
mod_qpsk_snr5,QPSK,96000.0,1200.0,80,0.0,5.0,none,none,mod_qpsk_snr5.iq,mod_qpsk_snr5.wav
rate_1200bps_qpsk,QPSK,96000.0,1200.0,80,0.0,20.0,none,none,rate_1200bps_qpsk.iq,rate_1200bps_qpsk.wav
rate_2400bps_qpsk,QPSK,96000.0,2400.0,40,0.0,20.0,none,none,rate_2400bps_qpsk.iq,rate_2400bps_qpsk.wav
rate_300bps_qpsk,QPSK,96000.0,300.0,320,0.0,20.0,none,none,rate_300bps_qpsk.iq,rate_300bps_qpsk.wav
rate_4800bps_qpsk,QPSK,96000.0,4800.0,20,0.0,20.0,none,none,rate_4800bps_qpsk.iq,rate_4800bps_qpsk.wav
rate_600bps_qpsk,QPSK,96000.0,600.0,160,0.0,20.0,none,none,rate_600bps_qpsk.iq,rate_600bps_qpsk.wav
